SupplierName,addr1,SupplierAddress,SupplierCity,SupplierZipcode,StateName,Code
Specialty Teleconstructors Incorporation          ,Attn : Zylina Cox             ,2161 Chalmers Street      ,Salinas                  ,93905,California          ,CA
Specialty Teleconstructors Incorporation          ,Attn : Zylina Cox             ,2161 ChalmersStreet       ,Salinas                  ,93905,California          ,CA
Specialty Teleconstructors Incorporation          ,Attn : Zylina Cox             ,2161 Chalmers Street      ,Salinas                  ,93905,California          ,CA
Specialty Teleconstructors Incorporation          ,Attn : Zylina Cox             ,2161 Chalmers Street      ,Salinas                  ,93905,California          ,CA
Specialty Teleconstructors Incorporation          ,Attn : Zylina Cox             ,2161 Chalmers Street      ,Salinas                  ,93905,California          ,CA
Specialty Teleconstructors Incorporation          ,Attn : Zylina Cox             ,2161 Chalmers Street      ,Salinas                  ,93905,California          ,CA
Black Hills Corporation                           ,Attn : Edena Gilbert          ,1618 Greenland Street     ,Tallahassee              ,32304,Florida             ,FL
Black Hills Corporation                           ,Attn : Edena Gilbert          ,1618 Greenland Street     ,Tallahassee              ,32304,Florida             ,FL
Black Hills Corporation                           ,Attn : Edena Gilbert          ,1618 Greenland Street     ,Tallahassee              ,32304,Florida             ,FL
Black Hills Corporation                           ,Attn : Edena Gilbert          ,1618 Greenland Street     ,Tallahassee              ,32304,Florida             ,FL
Afg Industries Incorporation                      ,Attn : Dorothy Polk           ,5377 Cookbook Circle      ,Vero Beach               ,32967,Florida             ,FL
Afg Industries Incorporation                      ,Attn : Dorothy Polk           ,5377 Cookbook Circle      ,Vero Beach               ,32967,Florida             ,FL
Afg Industries Incorporation                      ,Attn : Dorothy Polk           ,5377 Cookbook Circle      ,Vero Beach               ,32967,Florida             ,FL
Black Hills Corporation                           ,Attn : Edena Gilbert          ,1618 Greenland Street     ,Tallahassee              ,32304,Florida             ,FL
Afg Industries Incorporation                      ,Attn : Dorothy Polk           ,5377 Cookbook Circle      ,Vero Beach               ,32967,Florida             ,FL
Black Hills Corporation                           ,Attn : Edena Gilbert          ,1618 Greenland Street     ,Tallahassee              ,32304,Florida             ,FL
Afg Industries Incorporation                      ,Attn : Dorothy Polk           ,5377 Cookbook Circle      ,Vero Beach               ,32967,Florida             ,FL
Black Hills Corporation                           ,Attn : Edena Gilbert          ,1618 Greenland Street     ,Talahassee               ,32304,Florida             ,FL
Afg Industries Incorporation                      ,Attn : Dorothy Polk           ,5377 Cookbook Circle      ,Vero Beach               ,32967,Florida             ,FL
Afg Industries Incorporation                      ,Attn : Dorothy Polk           ,5377 Cookbook Circle      ,Vero Beach               ,32967,Florida             ,FL
Black Hills Corporation                           ,Attn : Edena Gilbert          ,1618 Greenland Street     ,Tallahassee              ,32304,Florida             ,FL
Afg Industries Incorporation                      ,Attn : Dorothy Polk           ,5377 Cookbook Circle      ,Vero Beach               ,32967,Florida             ,FL
Afg Industries Incorporation                      ,Attn : Dorothy Polk           ,5377 Cookbook Circle      ,Vero Beach               ,32967,Florida             ,FL
Black Hills Corporation                           ,Attn : Edena Gilbert          ,1618 Greenland Street     ,Tallahassee              ,32304,Florida             ,FL
Black Hills Corporation                           ,Attn : Edena Gilbert          ,1618 Greenland Street     ,Tallahassee              ,32304,Florida             ,FL
Afg Industries Incorporation                      ,Attn : Dorothy Polk           ,5377 Cookbook Circle      ,Vero Beach               ,32967,Florida             ,FL
Afg Industries Incorporation                      ,Attn : Dorothy Polk           ,5377 Cookbook Circle      ,Vero Beach               ,32967,Florida             ,FL
Black Hills Corporation                           ,Attn : Edena Gilbert          ,1618 Greenland Street     ,Tallahassee              ,32304,Florida             ,FL
Afg Industries Incorporation                      ,Attn : Dorothy Polk           ,5377 Cookbook Circle      ,Vero Beach               ,32967,Florida             ,FL
Black Hills Corporation                           ,Attn : Edena Gilbert          ,1618 Greenland Street     ,Tallahassee              ,32304,Florida             ,FL
Afg Industries Incorporation                      ,Attn : Dorothy Polk           ,5377 Cookbook Circle      ,Vero Beach               ,32967,Florida             ,FL
Afg Industries Incorporation                      ,Attn : Dorothy Polk           ,5377 Cookbook Circle      ,Vero Beach               ,32967,Florida             ,FL
Afg Industries Incorporation                      ,Attn : Dorothy Polk           ,5377 Cookbook Circle      ,Vero Beach               ,32967,Florida             ,FL
Black Hills Corporation                           ,Attn : Edena Gilbert          ,1618 Greenland Street     ,Tallahassee              ,32304,Florida             ,FL
American General Ventures Incorporation           ,Attn : Kimberly Yarborough    ,1616 Goggles Drive        ,Sterling                 ,67579,Kansas              ,KS
American General Ventures Incorporation           ,Attn : Kimberly Yarborough    ,1616 Goggles Drive        ,Sterling                 ,67579,Kansas              ,KS
American General Ventures Incorporation           ,Attn : Kimberly Yarborough    ,1616 Goggles Drive        ,Sterling                 ,67579,Kansas              ,KS
American General Ventures Incorporation           ,Attn : Kimberly Yarborough    ,1616 Goggles Drive        ,Sterling                 ,67579,Kansas              ,KS
American General Ventures Incorporation           ,Attn : Kimberly Yarborough    ,1616 Goggles Drive        ,Sterling                 ,67579,Kansas              ,KS
American General Ventures Incorporation           ,Attn : Kimberly Yarborough    ,1616 Goggles Drive        ,Sterling                 ,67579,Kansas              ,KS
American General Ventures Incorporation           ,Attn : Kimberly Yarborough    ,1616 Goggles Drive        ,Sterling                 ,67579,Kansas              ,KS
American General Ventures Incorporation           ,Attn : Kimberly Yarborough    ,1616 Goggles Drive        ,Sterling                 ,67579,Kansas              ,KS
American General Ventures Incorporation           ,Attn : Kimberly Yarborough    ,1616 Goggles Drive        ,Sterling                 ,67579,Kansas              ,KS
American General Ventures Incorporation           ,Attn : Kimberly Yarborough    ,1616 Goggles Drive        ,Sterling                 ,67579,Kansas              ,KS
American General Ventures Incorporation           ,Attn : Kimberly Yarborough    ,1616 Goggles Drive        ,Sterling                 ,67579,Kansas              ,KS
First Bancshares Incorporation Motors             ,Attn : Jensine Lease          ,11885 Aural Turnpike      ,Louisville               ,40253,Kentucky            ,KY
First Bancshares Incorporation Motors             ,Attn : Jensine Lease          ,11885 Aural Turnpike      ,Louisville               ,40253,Kentucky            ,KY
First Bancshares Incorporation Motors             ,Attn : Jensine Lease          ,11885 Aural Turnpike      ,Louisville               ,40253,Kentucky            ,KY
First Bancshares Incorporation Motors             ,Attn : Jensine Lease          ,11885 Aural Turnpike      ,Louisville               ,40253,Kentucky            ,KY
First Bancshares Incorporation Motors             ,Attn : Jensine Lease          ,11885 Aural Turnpike      ,Louisville               ,40253,Kentucky            ,KY
First Bancshares Incorporation Motors             ,Attn : Jensine Lease          ,11885 Aural Turnpike      ,Louisville               ,40253,Kentucky            ,KY
First Bancshares Incorporation Motors             ,Attn : Jensine Lease          ,11885 Aural Turnpike      ,Louisville               ,40253,Kentucky            ,KY
First Bancshares Incorporation Motors             ,Attn : Jensine Lease          ,11885 Aural Turnpike      ,Louisville               ,40253,Kentucky            ,KY
First Bancshares Incorporation Motors             ,Attn : Jensine Lease          ,11885 Aural Turnpike      ,Louisville               ,40253,Kentucky            ,KY
First Bancshares Incorporation Motors             ,Attn : Jensine Lease          ,11885 Aural Turnpike      ,Louisville               ,40253,Kentucky            ,KY
First Bancshares Incorporation Motors             ,Attn : Jensine Lease          ,11885 Aural Turnpike      ,Louisville               ,40253,Kentucky            ,KY
Sinclair Broadcast Group Incorporation            ,Attn : Carla Shelby           ,6037 Ecuadorian Street    ,Clinton                  ,49236,Michigan            ,MI
Sinclair Broadcast Group Incorporation            ,Attn : Carla Shelby           ,6037 Ecuadorian Street    ,Clinton                  ,49236,Michigan            ,MI
Sinclair Broadcast Group Incorporation            ,Attn : Carla Shelby           ,6037 Ecuadorian Street    ,Clinton                  ,49236,Michigan            ,MI
Sinclair Broadcast Group Incorporation            ,Attn : Carla Shelby           ,6037 Ecuadorian Street    ,Clinton                  ,49236,Michigan            ,MI
Sinclair Broadcast Group Incorporation            ,Attn : Carla Shelby           ,6037 Ecuadorian Street    ,Clinton                  ,49236,Michigan            ,MI
Sinclair Broadcast Group Incorporation            ,Attn : Carla Shelby           ,6037 Ecuadorian Street    ,Clinton                  ,49236,Michigan            ,MI
Sinclair Broadcast Group Incorporation            ,Attn : Carla Shelby           ,6027 Ecuadorian Street    ,Clinton                  ,49236,Michigan            ,MI
Sinclair Broadcast Group Incorporation            ,Attn : Carla Shelby           ,6037 EcuadorianStreet     ,Clinton                  ,49236,Michigan            ,MI
Sinclair Broadcast Group Incorporation            ,Attn : Carla Shelby           ,6037 Ecuadorian Street    ,Clinton                  ,49236,Michigan            ,MI
Saurer Gruppe Holding Agency                      ,Attn : Pearce Valdez          ,3737 Elms Drive           ,South Saint Paul         ,55077,Minnesota           ,MN
Saurer Gruppe Holding Agency                      ,Attn : Pearce Valdez          ,3727 Elms Drive           ,South Saint Paul         ,55077,Minnesota           ,MN
Saurer Gruppe Holding Agency                      ,Attn : Pearce Valdez          ,3727 Elms Drive           ,South Saint Paul         ,55077,Minnesota           ,MN
Saurer Gruppe Holding Agency                      ,Attn : Pearce Valdez          ,3727 Elms Drive           ,South Saint Paul         ,55077,Minnesota           ,MN
Saurer Gruppe Holding Agency                      ,Attn : Pearce Valdez          ,3727 Elms Drive           ,South Saint Paul         ,55077,Minnesota           ,MN
Saurer Gruppe Holding Agency                      ,Attn : Pearce Valdez          ,3727 Elms Drive           ,South Saint Paul         ,55077,Minnesota           ,MN
Saurer Gruppe Holding Agency                      ,Attn : Pearce Valdez          ,3727 Elms Drive           ,South Saint Paul         ,55077,Minnesota           ,MN
Dollar General Corporation                        ,Attn : Antoinette Hickey      ,3988 Chanced Avenue       ,S Middleton              ,17007,Pennsylvania        ,PA
Dollar General Corporation                        ,Attn : Antoinette Hickey      ,3988 Chanced Avenue       ,S Middleton              ,17007,Pennsylvania        ,PA
Dollar General Corporation                        ,Attn : Antoinette Hickey      ,3988 Chanced Avenue       ,S Middleton              ,17007,Pennsylvania        ,PA
Dollar General Corporation                        ,Attn : Antoinette Hickey      ,3988 Chanced Avenue       ,S Middleton              ,17007,Pennsylvania        ,PA
Dollar General Corporation                        ,Attn : Antoinette Hickey      ,3988 Chanced Avenue       ,S Middleton              ,17007,Pennsylvania        ,PA
Dollar General Corporation                        ,Attn : Antoinette Hickey      ,3988 Chanced Avenue       ,S Middleton              ,17007,Pennsylvania        ,PA
Dollar General Corporation                        ,Attn : Antoinette Hickey      ,3988 Chanced Avenue       ,S Middleton              ,17007,Pennsylvania        ,PA
Dollar General Corporation                        ,Attn : Antoinette Hickey      ,3988 Chanced Avenue       ,S Middleton              ,17007,Pennsylvania        ,PA
Dollar General Corporation                        ,Attn : Antoinette Hickey      ,3988 Chanced Avenue       ,S Middleton              ,17007,Pennsylvania        ,PA
Dollar General Corporation                        ,Attn : Antoinette Hickey      ,3988 Chanced Avenue       ,S Middleton              ,17007,Pennsylvania        ,PA
Dollar General Corporation                        ,Attn : Antoinette Hickey      ,3988 Chanced Avenue       ,S Middleton              ,17007,Pennsylvania        ,PA
Dollar General Corporation                        ,Attn : Antoinette Hickey      ,3988 ChancedAvenue        ,S Middleton              ,17007,Pennsylvania        ,PA
Dollar General Corporation                        ,Attn : Antoinette Hickey      ,3988 Chanced Avenue       ,S Middleton              ,17007,Pennsylvania        ,PA
Dollar General Corporation                        ,Attn : Antoinette Hickey      ,3988 Chanced Avenue       ,S Middleton              ,17007,Pennsylvania        ,PA
Immunex Corporation                               ,Attn : Elbert Glad            ,5841 Pervades Drive       ,Fairfax                  ,22035,Virginia            ,VA
Immunex Corporation                               ,Attn : Elbert Glad            ,5841 Pervades Drive       ,Fairfax                  ,22035,Virginia            ,VA
Immunex Corporation                               ,Attn : Elbert Glad            ,5841 Pervades Drive       ,Fairfax                  ,22035,Virginia            ,VA
Immunex Corporation                               ,Attn : Elbert Glad            ,5841 Pervades Drive       ,Fairfax                  ,22035,Virginia            ,VA
Immunex Corporation                               ,Attn : Elbert Glad            ,5841 Pervades Drive       ,Fairfax                  ,22035,Virginia            ,VA
Immunex Corporation                               ,Attn : Elbert Glad            ,5841 Pervades Drive       ,Fairfax                  ,22035,Virginia            ,VA
Fedders Corporation                               ,Attn : Virgil Hubert          ,7844 Carelessly Drive     ,Overlook                 ,98366,Washington          ,WA
Fedders Corporation                               ,Attn : Virgil Hubert          ,7844 Careless Drive       ,Overlook                 ,98366,Washington          ,WA
Fedders Corporation                               ,Attn : Virgil Hubert          ,7844 Carelessly Drive     ,Overlook                 ,98366,Washington          ,WA
Fedders Corporation                               ,Attn : Virgil Hubert          ,7844 Carelessly Drive     ,Overlook                 ,98366,Washington          ,WA
Fedders Corporation                               ,Attn : Virgil Hubert          ,7844 Carelessly Drive     ,Overlook                 ,98366,Washington          ,WA
Fedders Corporation                               ,Attn : Virgil Hubert          ,7844 Carelessly Drive     ,Overlook                 ,98366,Washington          ,WA
Fedders Corporation                               ,Attn : Virgil Hubert          ,7844 Carelessly Drive     ,Overlook                 ,98366,Washington          ,WA
Fedders Corporation                               ,Attn : Virgil Hubert          ,7844 Carelessly Drive     ,Overlook                 ,98366,Washington          ,WA
Fedders Corporation                               ,Attn : Virgil Hubert          ,7844 Carelessly Drive     ,Overlook                 ,98366,Washington          ,WA
Fedders Corporation                               ,Attn : Virgil Hubert          ,7844 Carelessly Drive     ,Overlook                 ,98366,Washington          ,WA
Fedders Corporation                               ,Attn : Virgil Hubert          ,7844 Carelessly Drive     ,Overlook                 ,98366,Washington          ,WA
Fedders Corporation                               ,Attn : Virgil Hubert          ,7844 Carelessly Drive     ,Overlook                 ,98366,Washington          ,WA
